{
    "title": "Tamper-proof for Enterprise",
    "tip": "lib",
    "name": "tamper_core",
    "type": "plugin",
    "ps": "Effectively intercept 99.9% of illegal modification of web pages, tampering of files, etc. Note: Cannot be used with other anti-tamper software",
    "versions": "3.5",
    "shell": "tamper_core.sh",
    "checks": "/www/server/panel/plugin/tamper_core",
    "author": "official",
    "home": "https://www.aapanel.com",
    "beta": false,
    "force_message": "",
    "not_substituted":[],
    "replace_files":[]
}
