[
    {
        "name":"Default rule",
        "ps":"Generic rules that apply to all project types",
        "status": 1,
        "mode": 0,
        "is_create": 1,
        "is_modify": 1,
        "is_unlink": 1,
        "is_mkdir": 1,
        "is_rmdir": 1,
        "is_rename": 1,
        "is_chmod": 1,
        "is_chown": 1,
        "is_link": 1,
        "black_exts": [
          ".java", "php", "html", ".tpl", ".js", ".css", ".jsp",
          ".do", ".shtml", ".htm", ".go", ".json", ".conf"
        ],
        "white_files": [],
        "white_dirs": [
          "runtime/", "cache/", "temp/", "tmp/", "threadcache/",
          "log/", "logs/", "caches/", "tmps/"
        ]
    },
    {
    "name":"WordPress trade edition",
    "ps":"WordPress project specific security rules only support official 4.8 +",
    "status": 1,
    "mode": 0,
    "is_create": 1,
    "is_modify": 1,
    "is_unlink": 1,
    "is_mkdir": 1,
    "is_rmdir": 1,
    "is_rename": 1,
    "is_chmod": 1,
    "is_chown": 1,
    "is_link": 1,
    "black_exts": [
        ".java", "php", "html", ".tpl", ".js", ".css", ".xml",
        ".jsp", ".do", ".shtml", ".htm", ".go", ".json", ".conf"
    ],
    "white_files": [],
    "white_dirs": [
       "wp-content/upgrade", "wp-content/themes", "wp-content/plugins", "wp-conent/uploads"
    ]
    },
    {
    "name":"WordPress enhanced version",
    "ps":"WordPress project specific security rules only support official 4.8 +",
    "status": 1,
    "mode": 0,
    "is_create": 1,
    "is_modify": 1,
    "is_unlink": 1,
    "is_mkdir": 1,
    "is_rmdir": 1,
    "is_rename": 1,
    "is_chmod": 1,
    "is_chown": 1,
    "is_link": 1,
    "black_exts": [
        ".java", "php", "html", ".tpl", ".js", ".css", ".xml",
        ".jsp", ".do", ".shtml", ".htm", ".go", ".json", ".conf"
    ],
    "white_files": [],
    "white_dirs": [
    ]
    }
]