{
  "title": "Load balance",
  "tip": "lib",
  "name": "load_balance",
  "type": "plugin",
  "ps": "Load balancing based on nginx, please install nginx before use,Only nginx versions prior to 1.22 including 1.22 are supported",
  "versions": "2.6.2",
  "checks": "/www/server/panel/plugin/load_balance",
  "author": "aaPanel",
  "home": "https://forum.aapanel.com",
  "beta": false,
  "force_message": "",
  "not_substituted": [
    "tcp_config|d",
    "heartbeat.json|f"
  ],
  "replace_files": []
}