[
    {
    "title": "Cloudflare",
    "name": "cloudflare",
    "help": "how to get token",
    "data": [
      {
        "key": "X-Auth-Key",
        "value": "",
        "name": "global_token"
      },
      {
        "key": "X-Auth-Email",
        "value": "",
        "name": "email"
      }
    ],
    "ps": "how to use"
  },
  {
    "title": "Alicloud",
    "name": "aliyun",
    "help": "how to get accesskey/secretkey",
    "data": [
      {
        "key": "SAVED_Ali_Key",
        "value": "",
        "name": "access_key"
      },
      {
        "key": "SAVED_Ali_Secret",
        "value": "",
        "name": "secret_key"
      }
    ],
    "ps": "how to use"
  },
  {
    "title": "DnsPod",
    "name": "dnspod",
    "help": "how to get token",
    "data": [
      {
        "key": "SAVED_DP_Id",
        "value": "",
        "name": "dp_id"
      },
      {
        "key": "SAVED_DP_Key",
        "value": "",
        "name": "dp_token"
      }
    ],
    "ps": "how to use"
  }
]