{
    "title": "ffmpeg manager",
    "name": "ffmpeg",
    "type": "plugin",
    "ps": "Supports installation and management of versions 3, 4, 5, and 6. It is an open source computer program used to record, convert digital audio and video, and convert it into streams.",
    "versions": "1.0",
    "checks": [
        "/www/server/panel/plugin/ffmpeg"
    ],
    "author": "aaPanel",
    "home": "https://forum.aapanel.com/",
    "date": "2023-11-22",
    "default": false,
    "display": 0
}