[
  {
    "name": "Default rule",
    "ps": "Generic rules that apply to all project types",
    "status": 1,
    "mode": 0,
    "is_create": 1,
    "is_modify": 1,
    "is_unlink": 1,
    "is_mkdir": 1,
    "is_rmdir": 1,
    "is_rename": 1,
    "is_chmod": 1,
    "is_chown": 1,
    "is_link": 1,
    "black_exts": [
      ".java",
      "php",
      "html",
      ".tpl",
      ".js",
      ".css",
      ".jsp",
      ".do",
      ".shtml",
      ".htm",
      ".go",
      ".json",
      ".conf"
    ],
    "white_files": [],
    "white_dirs": [
      "runtime/",
      "cache/",
      "temp/",
      "tmp/",
      "threadcache/",
      "log/",
      "logs/",
      "caches/",
      "tmps/"
    ]
  },
  {
    "name": "WordPress Normal",
    "ps": "Exclusive security rules for WordPress projects, only support official version 4.8 or above",
    "status": 1,
    "mode": 0,
    "is_create": 1,
    "is_modify": 1,
    "is_unlink": 1,
    "is_mkdir": 1,
    "is_rmdir": 1,
    "is_rename": 1,
    "is_chmod": 1,
    "is_chown": 1,
    "is_link": 1,
    "black_exts": [
      ".java",
      "php",
      "html",
      ".tpl",
      ".js",
      ".css",
      ".xml",
      ".jsp",
      ".do",
      ".shtml",
      ".htm",
      ".go",
      ".json",
      ".conf"
    ],
    "white_files": [],
    "white_dirs": [
      "wp-content/upgrade",
      "wp-content/themes",
      "wp-content/plugins",
      "wp-conent/uploads"
    ]
  },
  {
    "name": "WordPress Enhanced",
    "ps": "Exclusive security rules for WordPress projects, only support official version 4.8 or above",
    "status": 1,
    "mode": 0,
    "is_create": 1,
    "is_modify": 1,
    "is_unlink": 1,
    "is_mkdir": 1,
    "is_rmdir": 1,
    "is_rename": 1,
    "is_chmod": 1,
    "is_chown": 1,
    "is_link": 1,
    "black_exts": [
      ".java",
      "php",
      "html",
      ".tpl",
      ".js",
      ".css",
      ".xml",
      ".jsp",
      ".do",
      ".shtml",
      ".htm",
      ".go",
      ".json",
      ".conf"
    ],
    "white_files": [],
    "white_dirs": [
    ]
  },
  {
    "name": "ThinkPHP5.0 Normal",
    "ps": "Exclusive security rules for projects based on ThinkPHP5.0.x",
    "status": 1,
    "mode": 0,
    "is_create": 1,
    "is_modify": 1,
    "is_unlink": 1,
    "is_mkdir": 1,
    "is_rmdir": 1,
    "is_rename": 1,
    "is_chmod": 1,
    "is_chown": 1,
    "is_link": 1,
    "black_exts": [
      ".java",
      "php",
      "html",
      ".tpl",
      ".js",
      ".css",
      ".yml",
      ".xml",
      ".jsp",
      ".do",
      ".shtml",
      ".htm",
      ".go",
      ".json",
      ".conf"
    ],
    "white_files": [],
    "white_dirs": [
      "public/",
      "runtime/"
    ]
  },
  {
    "name": "ThinkPHP5.0 Enhanced",
    "ps": "Exclusive security rules for projects based on ThinkPHP5.0.x",
    "status": 1,
    "mode": 0,
    "is_create": 1,
    "is_modify": 1,
    "is_unlink": 1,
    "is_mkdir": 1,
    "is_rmdir": 1,
    "is_rename": 1,
    "is_chmod": 1,
    "is_chown": 1,
    "is_link": 1,
    "black_exts": [
      ".java",
      "php",
      "html",
      ".tpl",
      ".js",
      ".css",
      ".yml",
      ".xml",
      ".jsp",
      ".do",
      ".shtml",
      ".htm",
      ".go",
      ".json",
      ".conf"
    ],
    "white_files": [],
    "white_dirs": [
      "runtime/"
    ]
  },
  {
    "name": "ThinkPHP6.0 Normal",
    "ps": "Exclusive security rules for projects based on ThinkPHP6.0.x",
    "status": 1,
    "mode": 0,
    "is_create": 1,
    "is_modify": 1,
    "is_unlink": 1,
    "is_mkdir": 1,
    "is_rmdir": 1,
    "is_rename": 1,
    "is_chmod": 1,
    "is_chown": 1,
    "is_link": 1,
    "black_exts": [
      ".java",
      "php",
      "html",
      ".tpl",
      ".js",
      ".css",
      ".yml",
      ".xml",
      ".jsp",
      ".do",
      ".shtml",
      ".htm",
      ".go",
      ".json",
      ".conf"
    ],
    "white_files": [],
    "white_dirs": [
      "public/plugins/",
      "public/themes/",
      "public/upload/",
      "data/runtime/"
    ]
  },
  {
    "name": "ThinkPHP6.0 Enhanced",
    "ps": "Exclusive security rules for projects based on ThinkPHP6.0.x",
    "status": 1,
    "mode": 0,
    "is_create": 1,
    "is_modify": 1,
    "is_unlink": 1,
    "is_mkdir": 1,
    "is_rmdir": 1,
    "is_rename": 1,
    "is_chmod": 1,
    "is_chown": 1,
    "is_link": 1,
    "black_exts": [
      ".java",
      "php",
      "html",
      ".tpl",
      ".js",
      ".css",
      ".yml",
      ".xml",
      ".jsp",
      ".do",
      ".shtml",
      ".htm",
      ".go",
      ".json",
      ".conf"
    ],
    "white_files": [],
    "white_dirs": [
      "data/runtime/"
    ]
  },
  {
    "name": "Discuz Normal",
    "ps": "Exclusive security rules for the Discuz project, only supports Discuz3.2-3.4",
    "status": 1,
    "mode": 0,
    "is_create": 1,
    "is_modify": 1,
    "is_unlink": 1,
    "is_mkdir": 1,
    "is_rmdir": 1,
    "is_rename": 1,
    "is_chmod": 1,
    "is_chown": 1,
    "is_link": 1,
    "black_exts": [
      ".java",
      "php",
      "html",
      ".tpl",
      ".js",
      ".css",
      ".xml",
      ".jsp",
      ".do",
      ".shtml",
      ".htm",
      ".go",
      ".json",
      ".conf"
    ],
    "white_files": [],
    "white_dirs": [
      "data/addomod5/",
      "data/attachment/",
      "data/cache/",
      "data/diy/",
      "data/download/",
      "data/ipdata/",
      "data/log/",
      "data/plugindata/",
      "data/sysdata/",
      "data/threadcache/",
      "uc_client/"
    ]
  },
  {
    "name": "Discuz Enhanced",
    "ps": "Exclusive security rules for the Discuz project, only supports Discuz3.2-3.4",
    "status": 1,
    "mode": 0,
    "is_create": 1,
    "is_modify": 1,
    "is_unlink": 1,
    "is_mkdir": 1,
    "is_rmdir": 1,
    "is_rename": 1,
    "is_chmod": 1,
    "is_chown": 1,
    "is_link": 1,
    "black_exts": [
      ".java",
      "php",
      "html",
      ".tpl",
      ".js",
      ".css",
      ".xml",
      ".jsp",
      ".do",
      ".shtml",
      ".htm",
      ".go",
      ".json",
      ".conf"
    ],
    "white_files": [],
    "white_dirs": [
      "data/log/"
    ]
  },
  {
    "name": "ShopXO Normal",
    "ps": "Exclusive security rules for ShopXO mall, only supports official version 1.5.0 or above",
    "status": 1,
    "mode": 0,
    "is_create": 1,
    "is_modify": 1,
    "is_unlink": 1,
    "is_mkdir": 1,
    "is_rmdir": 1,
    "is_rename": 1,
    "is_chmod": 1,
    "is_chown": 1,
    "is_link": 1,
    "black_exts": [
      ".java",
      "php",
      "html",
      ".tpl",
      ".js",
      ".css",
      ".xml",
      ".jsp",
      ".do",
      ".shtml",
      ".htm",
      ".go",
      ".json",
      ".conf"
    ],
    "white_files": [],
    "white_dirs": [
      "public/",
      "runtime/"
    ]
  },
  {
    "name": "ShopXO Enhanced",
    "ps": "Exclusive security rules for ShopXO mall, only supports official version 1.5.0 or above",
    "status": 1,
    "mode": 0,
    "is_create": 1,
    "is_modify": 1,
    "is_unlink": 1,
    "is_mkdir": 1,
    "is_rmdir": 1,
    "is_rename": 1,
    "is_chmod": 1,
    "is_chown": 1,
    "is_link": 1,
    "black_exts": [
      ".java",
      "php",
      "html",
      ".tpl",
      ".js",
      ".css",
      ".xml",
      ".jsp",
      ".do",
      ".shtml",
      ".htm",
      ".go",
      ".json",
      ".conf"
    ],
    "white_files": [],
    "white_dirs": [
      "public/static/plugin",
      "public/appmini",
      "runtime/"
    ]
  },
  {
    "name": "ThinkCMF Normal",
    "ps": "Exclusive security rules for the ThinkCMF project, only supporting official version 5.0/5.1",
    "status": 1,
    "mode": 0,
    "is_create": 1,
    "is_modify": 1,
    "is_unlink": 1,
    "is_mkdir": 1,
    "is_rmdir": 1,
    "is_rename": 1,
    "is_chmod": 1,
    "is_chown": 1,
    "is_link": 1,
    "black_exts": [
      ".java",
      "php",
      "html",
      ".tpl",
      ".js",
      ".css",
      ".xml",
      ".jsp",
      ".do",
      ".shtml",
      ".htm",
      ".go",
      ".json",
      ".conf"
    ],
    "white_files": [],
    "white_dirs": [
      "data/",
      "public/"
    ]
  },
  {
    "name": "ThinkCMF Enhanced",
    "ps": "Exclusive security rules for the ThinkCMF project, only supporting official version 5.0/5.1",
    "status": 1,
    "mode": 0,
    "is_create": 1,
    "is_modify": 1,
    "is_unlink": 1,
    "is_mkdir": 1,
    "is_rmdir": 1,
    "is_rename": 1,
    "is_chmod": 1,
    "is_chown": 1,
    "is_link": 1,
    "black_exts": [
      ".java",
      "php",
      "html",
      ".tpl",
      ".js",
      ".css",
      ".xml",
      ".jsp",
      ".do",
      ".shtml",
      ".htm",
      ".go",
      ".json",
      ".conf"
    ],
    "white_files": [],
    "white_dirs": [
      "data/"
    ]
  },
  {
    "name": "Laravel Normal",
    "ps": "Exclusive security rules for Laravel projects, only support official version 5.0 or above",
    "status": 1,
    "mode": 0,
    "is_create": 1,
    "is_modify": 1,
    "is_unlink": 1,
    "is_mkdir": 1,
    "is_rmdir": 1,
    "is_rename": 1,
    "is_chmod": 1,
    "is_chown": 1,
    "is_link": 1,
    "black_exts": [
      ".java",
      "php",
      "html",
      ".tpl",
      ".js",
      ".css",
      ".xml",
      ".jsp",
      ".do",
      ".shtml",
      ".htm",
      ".go",
      ".json",
      ".conf"
    ],
    "white_files": [],
    "white_dirs": [
      "public/",
      "storage/"
    ]
  },
  {
    "name": "Laravel Enhanced",
    "ps": "Exclusive security rules for Laravel projects, only support official version 5.0 or above",
    "status": 1,
    "mode": 0,
    "is_create": 1,
    "is_modify": 1,
    "is_unlink": 1,
    "is_mkdir": 1,
    "is_rmdir": 1,
    "is_rename": 1,
    "is_chmod": 1,
    "is_chown": 1,
    "is_link": 1,
    "black_exts": [
      ".java",
      "php",
      "html",
      ".tpl",
      ".js",
      ".css",
      ".xml",
      ".jsp",
      ".do",
      ".shtml",
      ".htm",
      ".go",
      ".json",
      ".conf"
    ],
    "white_files": [],
    "white_dirs": [
      "public/",
      "storage/Framework/",
      "storage/Logs/"
    ]
  },
  {
    "name": "Joomla Normal",
    "ps": "Exclusive security rules for the Joomla project, only supporting the official 7.x/8.x version",
    "status": 1,
    "mode": 0,
    "is_create": 1,
    "is_modify": 1,
    "is_unlink": 1,
    "is_mkdir": 1,
    "is_rmdir": 1,
    "is_rename": 1,
    "is_chmod": 1,
    "is_chown": 1,
    "is_link": 1,
    "black_exts": [
      ".java",
      "php",
      "html",
      ".tpl",
      ".js",
      ".css",
      ".xml",
      ".jsp",
      ".do",
      ".shtml",
      ".htm",
      ".go",
      ".json",
      ".conf"
    ],
    "white_files": [],
    "white_dirs": [
      "cache/",
      "tmp/",
      "logs/",
      "plugins/"
    ]
  },
  {
    "name": "Joomla Enhanced",
    "ps": "Exclusive security rules for the Joomla project, only supporting the official 7.x/8.x version",
    "status": 1,
    "mode": 0,
    "is_create": 1,
    "is_modify": 1,
    "is_unlink": 1,
    "is_mkdir": 1,
    "is_rmdir": 1,
    "is_rename": 1,
    "is_chmod": 1,
    "is_chown": 1,
    "is_link": 1,
    "black_exts": [
      ".java",
      "php",
      "html",
      ".tpl",
      ".js",
      ".css",
      ".xml",
      ".jsp",
      ".do",
      ".shtml",
      ".htm",
      ".go",
      ".json",
      ".conf"
    ],
    "white_files": [],
    "white_dirs": [
      "cache/",
      "tmp/",
      "logs/"
    ]
  },
  {
    "name": "ecshop Normal",
    "ps": "Exclusive security rules for ecshop projects, only support official 3.x/4.x versions",
    "status": 1,
    "mode": 0,
    "is_create": 1,
    "is_modify": 1,
    "is_unlink": 1,
    "is_mkdir": 1,
    "is_rmdir": 1,
    "is_rename": 1,
    "is_chmod": 1,
    "is_chown": 1,
    "is_link": 1,
    "black_exts": [
      ".java",
      "php",
      "html",
      ".tpl",
      ".js",
      ".css",
      ".xml",
      ".jsp",
      ".do",
      ".shtml",
      ".htm",
      ".go",
      ".json",
      ".conf"
    ],
    "white_files": [],
    "white_dirs": [
      "cert/",
      "data/",
      "iamge/",
      "temp/",
      "themes/default/"
    ]
  },
  {
    "name": "ecshop Enhanced",
    "ps": "Exclusive security rules for ecshop projects, only support official 3.x/4.x versions",
    "status": 1,
    "mode": 0,
    "is_create": 1,
    "is_modify": 1,
    "is_unlink": 1,
    "is_mkdir": 1,
    "is_rmdir": 1,
    "is_rename": 1,
    "is_chmod": 1,
    "is_chown": 1,
    "is_link": 1,
    "black_exts": [
      ".java",
      "php",
      "html",
      ".tpl",
      ".js",
      ".css",
      ".xml",
      ".jsp",
      ".do",
      ".shtml",
      ".htm",
      ".go",
      ".json",
      ".conf"
    ],
    "white_files": [],
    "white_dirs": [
      "data/",
      "image/",
      "temp/"
    ]
  },
  {
    "name": "JTBC Normal",
    "ps": "Exclusive security rules for the JTBC project, only supporting the official 3.x version",
    "status": 1,
    "mode": 0,
    "is_create": 1,
    "is_modify": 1,
    "is_unlink": 1,
    "is_mkdir": 1,
    "is_rmdir": 1,
    "is_rename": 1,
    "is_chmod": 1,
    "is_chown": 1,
    "is_link": 1,
    "black_exts": [
      ".java",
      "php",
      "html",
      ".tpl",
      ".js",
      ".css",
      ".xml",
      ".jsp",
      ".do",
      ".shtml",
      ".htm",
      ".go",
      ".json",
      ".conf"
    ],
    "white_files": [],
    "white_dirs": [
      "cache/",
      "universal/"
    ]
  },
  {
    "name": "JTBC Enhanced",
    "ps": "Exclusive security rules for the JTBC project, only supporting the official 3.x version",
    "status": 1,
    "mode": 0,
    "is_create": 1,
    "is_modify": 1,
    "is_unlink": 1,
    "is_mkdir": 1,
    "is_rmdir": 1,
    "is_rename": 1,
    "is_chmod": 1,
    "is_chown": 1,
    "is_link": 1,
    "black_exts": [
      ".java",
      "php",
      "html",
      ".tpl",
      ".js",
      ".css",
      ".xml",
      ".jsp",
      ".do",
      ".shtml",
      ".htm",
      ".go",
      ".json",
      ".conf",
      ".jtbc"
    ],
    "white_files": [],
    "white_dirs": [
    ]
  },
  {
    "name": "Emlog Normal",
    "ps": "Exclusive security rules for JTBC projects",
    "status": 1,
    "mode": 0,
    "is_create": 1,
    "is_modify": 1,
    "is_unlink": 1,
    "is_mkdir": 1,
    "is_rmdir": 1,
    "is_rename": 1,
    "is_chmod": 1,
    "is_chown": 1,
    "is_link": 1,
    "black_exts": [
      ".java",
      "php",
      "html",
      ".tpl",
      ".js",
      ".css",
      ".xml",
      ".jsp",
      ".do",
      ".shtml",
      ".htm",
      ".go",
      ".json",
      ".conf",
      ".jtbc"
    ],
    "white_files": [],
    "white_dirs": [
      "content/"
    ]
  },
  {
    "name": "Emlog Enhanced",
    "ps": "Exclusive security rules for the Emlog project",
    "status": 1,
    "mode": 0,
    "is_create": 1,
    "is_modify": 1,
    "is_unlink": 1,
    "is_mkdir": 1,
    "is_rmdir": 1,
    "is_rename": 1,
    "is_chmod": 1,
    "is_chown": 1,
    "is_link": 1,
    "black_exts": [
      ".java",
      "php",
      "html",
      ".tpl",
      ".js",
      ".css",
      ".xml",
      ".jsp",
      ".do",
      ".shtml",
      ".htm",
      ".go",
      ".json",
      ".conf",
      ".jtbc"
    ],
    "white_files": [],
    "white_dirs": [
      "content/cache/",
      "content/backup/"
    ]
  }
]