[
    {
        "fullpath":"/etc/profile",
        "type":"file",
        "mode":644,
        "user":"root",
        "group":"root",
        "default_mode":644,
        "default_user":"root",
        "default_group":"root",
        "very_mode":644,
        "very_user":"root",
        "very_group":"root",
        "ps": "Profile file is the system global environment variable configuration file, which is executed when the user logs in."
    },
    {
        "fullpath":"/etc/bashrc",
        "type":"file",
        "mode":644,
        "user":"root",
        "group":"root",
        "default_mode":644,
        "default_user":"root",
        "default_group":"root",
        "very_mode":644,
        "very_user":"root",
        "very_group":"root",
        "ps": "Bashrc file is the bash configuration file of the system, which is executed when the user opens the bash command line."
    },
    {
        "fullpath":"/root/.bashrc",
        "type":"file",
        "mode":644,
        "user":"root",
        "group":"root",
        "default_mode":644,
        "default_user":"root",
        "default_group":"root",
        "very_mode":600,
        "very_user":"root",
        "very_group":"root",
        "ps": "Similar to /etc/bashrc, but only valid for root users."
    },
    {
        "fullpath":"/root/.bash_profile",
        "type":"file",
        "mode":644,
        "user":"root",
        "group":"root",
        "default_mode":644,
        "default_user":"root",
        "default_group":"root",
        "very_mode":600,
        "very_user":"root",
        "very_group":"root",
        "ps": "Executed when the root user logs into the shell."
    },
    {
        "fullpath":"/etc/passwd",
        "type":"file",
        "mode":644,
        "user":"root",
        "group":"root",
        "default_mode":644,
        "default_user":"root",
        "default_group":"root",
        "very_mode":644,
        "very_user":"root",
        "very_group":"root",
        "ps": "User information file of the system records user account information, such as user name, user ID, user home directory, etc."
    },
    {
        "fullpath":"/etc/shadow",
        "type":"file",
        "mode":400,
        "user":"root",
        "group":"root",
        "default_mode":400,
        "default_user":"root",
        "default_group":"root",
        "very_mode":400,
        "very_user":"root",
        "very_group":"root",
        "ps": "Contains encrypted user password information. Only the root user can access this file"
    },
    {
        "fullpath":"/etc/group",
        "type":"file",
        "mode":644,
        "user":"root",
        "group":"root",
        "default_mode":644,
        "default_user":"root",
        "default_group":"root",
        "very_mode":644,
        "very_user":"root",
        "very_group":"root",
        "ps": "Group information file of the system records the information of the user group, such as group name, group ID, users in the group, etc."
    },
    {
        "fullpath":"/etc/hosts",
        "type":"file",
        "mode":644,
        "user":"root",
        "group":"root",
        "default_mode":644,
        "default_user":"root",
        "default_group":"root",
        "very_mode":644,
        "very_user":"root",
        "very_group":"root",
        "ps": "Used map hostnames and IP addresses. Local hostname resolution can be manually configured"
    },
    {
        "fullpath":"/etc/resolv.conf",
        "type":"file",
        "mode":644,
        "user":"root",
        "group":"root",
        "default_mode":644,
        "default_user":"root",
        "default_group":"root",
        "very_mode":644,
        "very_user":"root",
        "very_group":"root",
        "ps": "Save the address of the specified domain name server. Used to resolve domain names to IP addresses"
    },
    {
        "fullpath":"/etc/sysctl.conf",
        "type":"file",
        "mode":644,
        "user":"root",
        "group":"root",
        "default_mode":644,
        "default_user":"root",
        "default_group":"root",
        "very_mode":644,
        "very_user":"root",
        "very_group":"root",
        "ps": "Configuration file for saving kernel parameters"
    },
    {
        "fullpath":"/etc/fstab",
        "type":"file",
        "mode":644,
        "user":"root",
        "group":"root",
        "default_mode":644,
        "default_user":"root",
        "default_group":"root",
        "very_mode":644,
        "very_user":"root",
        "very_group":"root",
        "ps": "Used save the mount information of the file system"
    },
    {
        "fullpath":"/etc/ssh/sshd_config",
        "type":"file",
        "mode":600,
        "user":"root",
        "group":"root",
        "default_mode":600,
        "default_user":"root",
        "default_group":"root",
        "very_mode":600,
        "very_user":"root",
        "very_group":"root",
        "ps": "Configuration file for SSH service"
    },
    {
        "fullpath":"/etc/sudoers",
        "type":"file",
        "mode":440,
        "user":"root",
        "group":"root",
        "default_mode":440,
        "default_user":"root",
        "default_group":"root",
        "very_mode":440,
        "very_user":"root",
        "very_group":"root",
        "ps": "Configuration the sudo command"
    },
    {
        "fullpath":"/etc/crontab",
        "type":"file",
        "mode":644,
        "user":"root",
        "group":"root",
        "default_mode":644,
        "default_user":"root",
        "default_group":"root",
        "very_mode":644,
        "very_user":"root",
        "very_group":"root",
        "ps": "Configuration cron tasks"
    },
    {
        "fullpath":"/etc/cron.d",
        "type":"dir",
        "mode":775,
        "user":"root",
        "group":"root",
        "default_mode":775,
        "default_user":"root",
        "default_group":"root",
        "very_mode":775,
        "very_user":"root",
        "very_group":"root",
        "ps": "Configuration cron tasks"
    },
    {
        "fullpath":"/etc/logrotate.conf",
        "type":"file",
        "mode":644,
        "user":"root",
        "group":"root",
        "default_mode":644,
        "default_user":"root",
        "default_group":"root",
        "very_mode":644,
        "very_user":"root",
        "very_group":"root",
        "ps": "Configuration log rotation"
    },
    {
        "fullpath":"/etc/logrotate.d",
        "type":"dir",
        "mode":755,
        "user":"root",
        "group":"root",
        "default_mode":755,
        "default_user":"root",
        "default_group":"root",
        "very_mode":755,
        "very_user":"root",
        "very_group":"root",
        "ps": "Configuration log rotation"
    },
    {
        "fullpath":"/etc/hosts.allow",
        "type":"file",
        "mode":644,
        "user":"root",
        "group":"root",
        "default_mode":644,
        "default_user":"root",
        "default_group":"root",
        "very_mode":644,
        "very_user":"root",
        "very_group":"root",
        "ps": "Configure the list of hosts allowed to access the machine"
    },
    {
        "fullpath":"/etc/hosts.deny",
        "type":"file",
        "mode":644,
        "user":"root",
        "group":"root",
        "default_mode":644,
        "default_user":"root",
        "default_group":"root",
        "very_mode":644,
        "very_user":"root",
        "very_group":"root",
        "ps": "Configure the list of hosts that are prohibited from accessing this machine"
    },
    {
        "fullpath":"/etc/environment",
        "type":"file",
        "mode":644,
        "user":"root",
        "group":"root",
        "default_mode":644,
        "default_user":"root",
        "default_group":"root",
        "very_mode":644,
        "very_user":"root",
        "very_group":"root",
        "ps": "Configuration system-level environment variables"
    },
    {
        "fullpath":"/etc/apt/sources.list",
        "type":"file",
        "mode":644,
        "user":"root",
        "group":"root",
        "default_mode":644,
        "default_user":"root",
        "default_group":"root",
        "very_mode":644,
        "very_user":"root",
        "very_group":"root",
        "ps": "Configuration apt sources"
    },
    {
        "fullpath":"/etc/yum.repos.d",
        "type":"dir",
        "mode":755,
        "user":"root",
        "group":"root",
        "default_mode":755,
        "default_user":"root",
        "default_group":"root",
        "very_mode":755,
        "very_user":"root",
        "very_group":"root",
        "ps": "Configuration yum sources"
    }
]