{
    "retry": {
        "name": "Authentication failures",
        "value": 3,
        "default": 3,
        "very": 3,
        "ps": "Password verification failure allows retries N times, the default is 3 times."
    },
    "difok": {
        "name": "Num Char Diff from old PWD",
        "value": 0,
        "default": 0,
        "very": 2,
        "ps": "New password is at least N characters different from the old password."
    },
    "minlen": {
        "name": "Password min length",
        "value": 0,
        "default": 0,
        "very": 12,
        "ps": "Min password length N characters, <span style='color:red;'>Note: Some systems N+1 char</span>"
    },
    "dcredit": {
        "name": "Number minimum",
        "value": 0,
        "default": 0,
        "very": 0,
        "ps": "Password must contain at least N numeric characters (0-9)"
    },
    "ucredit": {
        "name": "Min number of capital letters",
        "value": 0,
        "default": 0,
        "very": 0,
        "ps": "Password must contain at least N uppercase letters"
    },
    "ocredit": {
        "name": "Min number of special",
        "value": 0,
        "default": 0,
        "very": 0,
        "ps": "Password must contain at least N special symbols"
    },
    "lcredit": {
        "name": "Min number of lower letters",
        "value": 0,
        "default": 0,
        "very": 0,
        "ps": "Password must contain at least N lowercase letters"
    },
    "minclass": {
        "name": "Contains Min Num of character class",
        "value": 0,
        "default": 0,
        "very": 3,
        "ps": "Min number N of character classes password must contain. character class is combination of numbers, uppercase letters, lowercase letters, and other characters"
    },
    "maxrepeat": {
        "name": "Max number of characters",
        "value": 0,
        "default": 0,
        "very": 3,
        "ps": "Maximum number of repeated characters allowed in a password N"
    },
    "maxsequence": {
        "name": "Char sequence length",
        "value": 0,
        "default": 0,
        "very": 3,
        "ps": "Max character sequence length N. Prevents common consecutive characters, As:\"12345\" or \"abcd\""
    },
    "maxclassrepeat": {
        "name": "Password type",
        "value": 0,
        "default": 0,
        "very": 0,
        "ps": "Max N char class rep allowed in password, e.g:\"actj\"=No，\"a2tj\"=Yes"
    },
    "gecoscheck": {
        "name": "Check username in PWD",
        "value": 0,
        "default": 0,
        "very": 1,
        "ps": "Check for username in password. If enabled, reject usernames or full names in passwords."
    },
    "enforce_for_root": {
        "name": "Enfrc cmplx PWD for root ",
        "value": 0,
        "default": 0,
        "very": 1,
        "ps": "If this feature is not enabled, the root user can use a simple password"
    },
    "PASS_MAX_DAYS":{
        "name": "password expires",
        "value": 99999,
        "default": 99999,
        "very": 90,
        "ps": "Password expires, <span style='color:red'> Note: After password expires, will not be able login</span>"
    }
}