{
	"Agent": "Proxy service, used proxy network requests and forward traffic.",
	"apparmor": "Provides application-level security configuration and access control",
	"apt-daily-upgrade": "AutoUpdate service for automatic updates and upgrades of packages.",
	"apt-daily": "AutoUpdate service, used automatically update package information.",
	"auditd": "Auditing service, which monitors and records security events and activities of the system.",
	"auth-rpcgss-module": "RPC GSS module provides remote procedure call (RPC) security support.",
	"autovt@": "Automatic Virtual Terminal Services for automatically launching and managing virtual terminal sessions.",
	"BT-NFS-MOUNT": "BT network file system mount service。",
	"BT-Safe": "aaPanel security service provides aaPanel security functions and protection mechanisms.",
	"bt-tamper": "Used detect and prevent website files from being tampered with",
	"bt": "aaPanel main service provides the core functions and management interface of aaPanel.",
	"bt_hashcheck": "aaPanel file monitoring service, monitors events of specified files or directories.",
	"bt_ipfilter": "aaPanel IP four-layer filtering service, used filter and limit the IP address of the server.",
	"bt_nfs_mount": "aaPanel NFS mount service, used mount NFS shared file system.",
	"bt_syssafe": "aaPanel System hardening service, providing system security configuration and protection.",
	"bt_tamper_proof": "aaPanel Tamper-proof service.",
	"btnotice": "aaPanel Notification service, used send aaPanel notification messages.",
	"bttomcat9": "aaPanel Tomcat 9，Used run and manage Tomcat 9 service.",
	"console-getty": "Console getty service, used console terminal login and interaction.",
	"console-setup": "Console settings service, used configure and manage the display and keyboard settings of console terminals.",
	"container-getty@": "Container getty service, used terminal login and interaction in the container environment.",
	"containerd": "Container runtime service for managing and running containerized applications.",
	"cron": "Cron task service, used execute scheduled scheduled tasks.",
	"cryptdisks-early": "Cryptdisks early service, used decrypt encrypted disks during boot.",
	"cryptdisks": "Encrypted Disks Service, which manages the decryption and mounting of encrypted disks.",
	"dbus-org.freedesktop.hostname1": "DBus hostname service, used set and manage hostname.",
	"dbus-org.freedesktop.locale1": "DBus localization service, used set and manage system localization settings.",
	"dbus-org.freedesktop.login1": "DBus login service for user login and session management.",
	"dbus-org.freedesktop.timedate1": "DBus time and date service, used set and manage system time and date.",
	"dbus-org.freedesktop.timesync1": "DBus time synchronization service, used synchronize system time.",
	"dbus": "DBus system message bus service for inter-process communication and message passing.",
	"debug-shell": "Debug Shell service, providing a shell interface for debugging and troubleshooting.",
	"docker": "Docker service, used manage and run Docker containers.",
	"e2scrub@": "The ext4 file system scrub service is used check and repair errors in the ext4 file system.",
	"e2scrub_all": "Global ext4 file system scrub service, used check and repair errors of all ext4 file systems in the system.",
	"e2scrub_fail@": "Ext4 file system scrub failure service, used handle the failure of scrub operation.",
	"e2scrub_reap": "ext4 file system scrub recycling service, used clean up the completed scrub tasks.",
	"emergency": "Emergency mode service, providing an emergency rescue mode environment.",
	"fstrim": "Filesystem TRIM service, used perform TRIM operations on supported filesystems.",
	"getty-static": "Static getty service for static terminal login and interaction.",
	"getty@": "getty service for terminal login and interaction.",
	"hwclock": "Hardware clock service, used set and manage the system's hardware clock.",
	"ifup@": "Network interface startup service, used start and manage network interfaces.",
	"ifupdown-pre": "Network interface pre-startup service, used for configuration and preparation before network interface startup.",
	"ifupdown-wait-online": "Wait for the online service of the network interface, which is used wait for the online status of the network interface.",
	"initrd-cleanup": "initrd cleanup service, used clean up and uninstall the initrd environment.",
	"initrd-parse-etc": "The initrd parse/etc service is used parse and process files in the /etc directory.",
	"initrd-switch-root": "initrd switch root service, used switch root file system.",
	"initrd-udevadm-cleanup-db": "initrd udevadm cleanup database service, used clean up udevadm database.",
	"keyboard-setup": "Keyboard setup service, used configure and manage the system's keyboard layout.",
	"kmod-static-nodes": "kmod static node service, used create static device nodes.",
	"kmod": "Kernel Module Service, used load and unload kernel modules.",
	"logrotate": "Log rotation service, used rotate and manage log files.",
	"lsyncd": "Real-time file synchronization service, used synchronize file and directory changes in real time.",
	"man-db": "man page database service, used manage and query man pages.",
	"memcached": "Memcached service, used provide cache function.",
	"modprobe@": "Kernel module loading service, used load kernel modules.",
	"mongodb": "MongoDB service, used run and manage MongoDB databases.",
	"mysql": "MySQL service, used run and manage MySQL databases.",
	"mysqld": "MySQL server service, used run and manage MySQL server.",
	"networking": "Networking configuration service for configuring and managing network interfaces and network settings.",
	"nfs-blkmap": "NFS block map service, used provide NFS block device mapping function.",
	"nfs-common": "NFS common service, providing NFS client functions.",
	"nfs-config": "NFS configuration service, used configure and manage NFS servers and clients.",
	"nfs-idmapd": "NFS ID mapping service, used provide ID mapping for NFS users and groups.",
	"nfs-kernel-server": "NFS kernel server service, used run and manage NFS servers.",
	"nfs-mountd": "NFS mountd service, used handle NFS mount requests.",
	"nfs-server": "NFS server service, providing NFS shared file system.",
	"nfs-utils": "NFS Utilities service, providing NFS related utilities.",
	"nftables": "nftables service, used manage and control the network filtering rules of the Linux kernel.",
	"nginx": "Nginx service, used run and manage Nginx web server.",
	"oneavd": "OneAVD service, used run and manage OneAVD virtual appliances.",
	"pgsql": "PostgreSQL service, used run and manage PostgreSQL database.",
	"php-fpm-55": "PHP-FPM 5.5 service, used run and manage PHP-FPM 5.5 process pool.",
	"php-fpm-56": "PHP-FPM 5.6 service, used run and manage PHP-FPM 5.6 process pool.",
	"php-fpm-70": "PHP-FPM 7.0 service, used run and manage PHP-FPM 7.0 process pool.",
	"php-fpm-71": "PHP-FPM 7.1 service, used run and manage PHP-FPM 7.1 process pool.",
	"php-fpm-73": "PHP-FPM 7.3 service, used run and manage PHP-FPM 7.3 process pool.",
	"php-fpm-74": "PHP-FPM 7.4 service, used run and manage PHP-FPM 7.4 process pool.",
	"php-fpm-80": "PHP-FPM 8.0 service, used run and manage PHP-FPM 8.0 process pool.",
	"php-fpm-81": "PHP-FPM 8.1 service, used run and manage PHP-FPM 8.1 process pool.",
	"php-fpm-82": "PHP-FPM 8.2 service, used run and manage PHP-FPM 8.2 process pool.",
	"portmap": "Port mapping service, used provide mapping between RPC programs and ports.",
	"procps": "Process tools service, used view and manage processes in the system.",
	"pure-ftpd": "Pure-FTPd service, used run and manage Pure-FTPd FTP server.",
	"pureftpd": "Pure-FTPd service, used run and manage Pure-FTPd FTP server.",
	"qemu-guest-agent": "QEMU guest agent service, used communicate with QEMU virtual machines.",
	"quotaon": "Disk quota enablement service, used enable disk quota function.",
	"rc-local": "Local startup script service, used execute custom scripts at system startup.",
	"rc": "Runlevel switch service, used switch the system's runlevel.",
	"rcS": "System startup service, used start the necessary tasks during system initialization.",
	"redis": "Redis service, used run and manage Redis database.",
	"Redis": "Redis service, used run and manage Redis database.",
	"rescue": "Rescue mode service, providing an environment for troubleshooting and repairing the system.",
	"rpc-gssd": "RPC GSS daemon service, used provide remote procedure call (RPC) GSS support.",
	"rpc-statd-notify": "RPC statd notification service, used send RPC statd status notifications.",
	"rpc-statd": "RPC statd service, used monitor and manage RPC lock status.",
	"rpc-svcgssd": "RPC svcgssd service, used provide GSS support for RPC services.",
	"rpcbind": "RPC binding service for binding and managing RPC port mapping.",
	"rsync": "Rsync daemon service, used accept remote Rsync connections and handle sync requests.",
	"rsynd": "Rsync daemon service is used to accept remote Rsync connections and handle synchronization requests.",
	"rsyslog": "Rsyslog service for log collection and transmission.",
	"sendmail": "Sendmail service for sending and receiving emails.",
	"serial-getty@": "Serial getty service, used for serial terminal login and interaction.",
	"ssh": "SSH service, used provide remote secure login and execute remote commands.",
	"ssh@": "SSH service, used provide remote secure login and execute remote commands.",
	"sshd": "SSH daemon service, used accept remote SSH connections.",
	"sudo": "Sudo service, used authorize users execute privileged commands.",
	"syslog": "System log service, used record system events and log information.",
	"system-update-cleanup": "System update cleanup service, used clean up temporary files during system update.",
	"systemd-ask-password-console": "systemd asks the console password service, which is used ask the user enter a password at the console.",
	"systemd-ask-password-wall": "systemd asks the password wall service, which is used ask the user enter a password in the password wall.",
	"systemd-backlight@": "systemd backlight service, used manage the backlight brightness of the display.",
	"systemd-binfmt": "systemd binary format service, used manage binary format interpreters.",
	"systemd-bless-boot": "systemd boot management service, used for boot management and setting boot loader.",
	"systemd-boot-check-no-failures": "The systemd boot check service, which checks for failures in the boot loader.",
	"systemd-boot-system-token": "systemd boot system token service, used allocate system boot tokens.",
	"systemd-exit": "systemd exit service, used for system exit and shutdown.",
	"systemd-fsck-root": "systemd root file system check service, used check and repair root file system errors.",
	"systemd-fsck@": "systemd file system check service, used check and repair errors of the specified file system.",
	"systemd-fsckd": "systemd file system check daemon service, used handle file system check tasks.",
	"systemd-halt": "systemd halt service, used shut down the system and stop all processes.",
	"systemd-hibernate-resume@": "systemd hibernate resume service, used for system resume from hibernation.",
	"systemd-hibernate": "systemd hibernate service, used put the system into hibernation.",
	"systemd-hostnamed": "systemd hostnamed service for setting and managing hostnames.",
	"systemd-hwdb-update": "systemd hardware database update service, used update the hardware database.",
	"systemd-hybrid-sleep": "systemd hybrid sleep service, used put the system into hybrid sleep state.",
	"systemd-initctl": "systemd initctl service, used control the systemd initialization process.",
	"systemd-journal-flush": "systemd journal flush service, used flush the system journal.",
	"systemd-journald": "systemd journal service, used record and manage system journals.",
	"systemd-journald@": "systemd journal service, used record and manage system journals.",
	"systemd-kexec": "systemd kexec service for starting new kernels without rebooting the system.",
	"systemd-localed": "systemd localized service for setting and managing localization settings.",
	"systemd-logind": "systemd login management service, used manage user sessions and login status.",
	"systemd-machine-id-commit": "systemd machine ID commit service, used commit machine ID changes.",
	"systemd-modules-load": "systemd module loading service, used load specified kernel modules.",
	"systemd-network-generator": "systemd network configuration generator service for generating network configuration files.",
	"systemd-networkd-wait-online": "The systemd network wait-online service is used wait for the online status of the network interface.",
	"systemd-networkd": "systemd network service for configuring and managing network interfaces.",
	"systemd-poweroff": "systemd shutdown service, used shut down the system and remove power.",
	"systemd-pstore": "systemd persistent storage service, used save system crash dump information.",
	"systemd-quotacheck": "systemd disk quota check service, used check disk quota usage.",
	"systemd-random-seed": "systemd random seed service, used generate random seed files.",
	"systemd-reboot": "systemd restart service, used reboot the system.",
	"systemd-remount-fs": "systemd remount filesystem service, used remount filesystems.",
	"systemd-resolved": "systemd resolution service, used provide DNS resolution function of the system.",
	"systemd-rfkill": "systemd RFKill service, used manage RFKill switch status.",
	"systemd-suspend-then-hibernate": "systemd suspend-then-hibernate service, used suspend the system and enter hibernation.",
	"systemd-suspend": "systemd suspend service, used suspend the system.",
	"systemd-sysctl": "systemd Sysctl service, used load and configure kernel parameters.",
	"systemd-sysusers": "systemd Sysusers service, used manage system users and groups.",
	"systemd-time-wait-sync": "systemd time wait synchronization service, used wait for system time synchronization complete.",
	"systemd-timedated": "systemd time service, used set and manage system time.",
	"systemd-timesyncd": "systemd time synchronization service, used for system time synchronization.",
	"systemd-tmpfiles-clean": "systemd temporary file cleanup service, used clean up temporary files.",
	"systemd-tmpfiles-setup-dev": "systemd device temporary file setup service, used setup device temporary files.",
	"systemd-tmpfiles-setup": "systemd temporary file setup service, used setup temporary files.",
	"systemd-udev-settle": "systemd udev setup service, used wait for udev device initialization complete.",
	"systemd-udev-trigger": "systemd udev trigger service, used trigger udev device events.",
	"systemd-udevd": "systemd udev daemon service for managing and monitoring devices.",
	"systemd-update-utmp-runlevel": "systemd update utmp runlevel service, used update UTMP runlevel information.",
	"systemd-update-utmp": "systemd update UTMP service, used update UTMP login session information.",
	"systemd-user-sessions": "systemd user sessions service, used manage user sessions.",
	"systemd-volatile-root": "systemd volatile root file system service, used set volatile root file system.",
	"tomcat": "Tomcat service, used run and manage the Apache Tomcat server.",
	"udev": "udev service, used for device management and dynamic device node creation.",
	"ufw": "Uncomplicated Firewall service, used manage system firewall rules.",
	"user-runtime-dir@": "User runtime directory service, used create and manage user runtime directories.",
	"user@": "User service, used manage user-related tasks and permissions.",
	"x11-common": "X11 common service, used provide common settings and configuration of X Window System.",
	"arp-ethers": "arp-ethers service, used manage ARP cache and static ARP entries.",
	"blk-availability": "The blk-availability service is used provide notification when a block device is available.",
	"brandbot": "brandbot service， help transfer system identity between distributions.",
	"chronyd": "chronyd service, used provide network time synchronization.",
	"dm-event": "dm-event service, used monitor device mapping events.",
	"ebtables": "ebtables service, used manage filtering rules on Ethernet bridges.",
	"gssproxy": "gssproxy service, used provide GSS-API proxy.",
	"halt-local": "halt-local service, used execute local shutdown scripts before system shutdown.",
	"iprdump": "iprdump service for retrieving IPR data.",
	"iprinit": "iprinit service, used initialize the IPR adapter.",
	"iprupdate": "iprupdate service, used update IPR adapter firmware.",
	"irqbalance": "irqbalance service, used balance interrupt load on multiprocessor systems.",
	"lvm2-lvmetad": "lvm2-lvmetad service, used provide LVM metadata cache.",
	"lvm2-lvmpolld": "lvm2-lvmpolld service, used handle LVM polling requests.",
	"lvm2-monitor": "lvm2-monitor service, used monitor the status of LVM volume groups.",
	"messagebus": "messagebus service, used provide inter-process communication mechanism.",
	"microcode": "microcode service, used load processor microcode updates.",
	"NetworkManager": "NetworkManager service for managing network connections and devices.",
	"ntpd": "ntpd service, used provide the Network Time Protocol (NTP) daemon.",
	"postfix": "postfix service, used provide mail transfer agent.",
	"saslauthd": "saslauthd service, used provide SASL authentication daemon.",
	"supervisord": "supervisord service, used manage and monitor processes.",
	"systemd-readahead-collect": "systemd-readahead-collect service, used collect startup performance data.",
	"systemd-readahead-done": "systemd-readahead-done service, used process startup performance data.",
	"systemd-readahead-drop": "systemd-readahead-drop service, used drop startup performance data.",
	"systemd-readahead-replay": "systemd-readahead-replay service, used replay boot performance data.",
	"wpa_supplicant": "wpa_supplicant service, used provide wireless network authentication and connection.",
	"netconsole": "Service for sending kernel messages remote hosts over the network",
	"network": "Service that controls the configuration and state of network interfaces",
	"btcloudmonitorclient": "BT cloud monitor client service",
	"devtoolset-9-stap-server": "Devtoolset 9 SystemTap server component",
	"devtoolset-9-systemtap": "Devtoolset 9 SystemTap tool",
	"dracut-cmdline": "used handle command line parameters during dracut boot process",
	"dracut-initqueue": "dracut initialize queue service",
	"dracut-mount": "used mount filesystems during dracut boot",
	"dracut-pre-mount": "dracut pre-mount service",
	"dracut-pre-pivot": "dracut pre-pivot service",
	"dracut-pre-trigger": "dracut pre-trigger service",
	"dracut-pre-udev": "dracut pre-udev service",
	"dracut-shutdown": "used shut down services during dracut boot",
	"console-shell": "Provides console shell login",
	"dbus-org.freedesktop.import1": "DBus system bus service, used import system configuration",
	"dbus-org.freedesktop.machine1": "DBus system bus service for managing system status",
	"rdisc": "Service for receiving and processing IPv6 Network Neighbor Advertisements",
	"rhel-autorelabel": "Service for relabeling file security context",
	"rhel-configure": "Services for configuring Red Hat Enterprise Linux systems",
	"rhel-domainname": "Service for setting system domain name",
	"rhel-dmesg": "Service for displaying system startup messages",
	"systemd-bootchart": "Service for generating system boot charts",
	"systemd-firstboot": "For system configuration tasks after first boot",
	"systemd-update-done": "used update the system after processing tasks",
	"systemd-importd": "Service for importing system configuration",
	"systemd-vconsole-setup": "Service for configuring virtual consoles",
	"systemd-journal-catalog-update": "Service for updating the sysjournal catalog",
	"systemd-rfkill@": "Service for RFkill state changes",
	"systemd-shutdownd": "Service for remote shutdown commands",
	"rhel-autorelabel-mark": "Service for marking filesystems for relabeling security context",
	"systemd-machined": "Service for managing local and remote machines",
	"systemd-nspawn@": "Service for performing system administration tasks in containers",
	"polkit": "Desktop policy service for controlling system permissions",
	"tcsd": "TPM (Trusted Platform Module) service",
	"rsyncd@": "The daemon process used provide rsync file synchronization service",
	"rhel-import-state": "Service for importing system state",
	"rhel-loadmodules": "Services for loading kernel modules",
	"rhel-readonly": "Service for setting the system read-only mode",
	"crond": "Service for timing execution tasks",
	"cpupower": "Managing CPU frequency and power settings",
	"NetworkManager-dispatcher": "Service for handling NetworkManager events",
	"NetworkManager-wait-online": "Service that waits for a network connection become available",
	"avahi-daemon": "Service for discovering and configuring network services on a LAN",
	"teamd@": "Service for configuring and managing network teams",
	"plymouth-halt": "Service used perform halt operations during Plymouth bootstrap",
	"plymouth-kexec": "Service used perform kexec operations during Plymouth bootstrap",
	"plymouth-poweroff": "Service poweroff during Plymouth bootstrap",
	"plymouth-quit-wait": "Service waiting for Plymouth boot complete",
	"plymouth-quit": "Service quit during Plymouth bootstrap",
	"plymouth-read-write": "Service for accessing writable filesystems during Plymouth boot",
	"plymouth-reboot": "Service used perform reboot operations during Plymouth boot",
	"plymouth-start": "Service start during Plymouth bootstrap",
	"svnserve": "The daemon process used provide Subversion version control services",
	"plymouth-switch-root": "Service used perform switch-root operations during Plymouth bootstrap",
	"ntpdate": "Synchronizing system time via NTP protocol",
	"systemd-ask-password-plymouth": "Service ask for password during Plymouth boot process",
	"firewalld": "Manage Firewall Rules",
	"tuned": "Optimizing system performance and power management",
	"lvm2-pvscan@": "Scanning physical volumes",
	"selinux-policy-migrate-local-changes@": "Migrating SELinux Policies",
	"kdump": "Configures and manages system core dumps",
	"sshd-keygen": "SSH service keys",
	"sshd@": "SSH service daemon",
	"chrony-dnssrv@": "Handling Chrony DNS SRV records",
	"chrony-wait": "Waiting for Chrony time synchronization complete",
	"rsyncd": "Daemon process used provide rsync file sync service"
}
