{
    "Port": {
        "name": "SSH port",
        "value": 22,
        "default": 22,
        "very": 0,
        "ps": "Recommend port 10001-65535. Release new port in the Firewall and Security group"
    },
    "PermitRootLogin":{
        "name": "Root login",
        "value": "yes",
        "default": "yes",
        "very": "no",
        "ps": "Whether allow the root user to log in, Recommend disable root login"
    },
    "PermitEmptyPasswords":{
        "name": "Empty PWD",
        "value": "no",
        "default": "no",
        "very": "yes",
        "ps": "Whether allow empty password login, Recommend turn off empty password login"
    },
    "PasswordAuthentication":{
        "name": "PWD login",
        "value": "yes",
        "default": "yes",
        "very": "no",
        "ps": "Whether allow password login"
    },
    "ClientAliveInterval":{
        "name": "Hrtbts interval",
        "value": 300,
        "default": 300,
        "very": 300,
        "ps": "Heartbeat interval, Recommend set 300 seconds"
    },
    "ClientAliveCountMax":{
        "name": "Num Hrtbts",
        "value": 0,
        "default": 0,
        "very": 0,
        "ps": "Max number of heartbeats, Recommend set 0 times"
    },
    "LogLevel":{
        "name": "Log level",
        "value": "ERROR",
        "default": "ERROR",
        "very": "INFO",
        "ps": "Log level, Recommend set INFO or ERROR"
    },
    "Protocol":{
        "name": "Protocol",
        "value": 2,
        "default": 2,
        "very": 2,
        "ps": "Protocol version, Recommend set 2"
    }
}