{
  "pipsource": {
    "offical": {
      "name": "official source",
      "value": "https://pypi.python.org/simple"
    },
    "ali": {
      "name": "Ali source",
      "value": "https://mirrors.aliyun.com/pypi/simple/"
    },
    "baidu": {
      "name": "Baidu source",
      "value": "https://mirror.baidu.com/pypi/simple/"
    },
    "QingHua": {
      "name": "QingHua source",
      "value": "https://pypi.tuna.tsinghua.edu.cn/simple/"
    },
    "ZhongKeDa": {
      "name": "ZhongKeDa source",
      "value": "https://pypi.mirrors.ustc.edu.cn/simple/"
    },
    "douban": {
      "name": "Douban source",
      "value": "https://pypi.douban.com/simple/"
    }
  },
  "last_choice": "http://mirrors.sohu.com/python/"
}