{
  "ubuntu": {
    "ALi": {
      "value": "http://mirrors.aliyun.com/",
      "name": "ALi source"
    },
    "QingHua": {
      "value": "http://mirrors.tuna.tsinghua.edu.cn/",
      "name": "QingHua source"
    },
    "ShangHaiJiaoDa": {
      "value": "http://mirrors.sjtu.edu.cn/",
      "name": "ShangHaiJiaoDa source"
    },
    "ZhongKeDa": {
      "value": " http://mirrors.ustc.edu.cn/",
      "name": "ZhongKeDa source"
    },
    "HuaWei": {
      "value": "http://mirrors.huaweicloud.com/",
      "name": "HuaWei source"
    }
  },
  "centos": {
    "ALi": {
      "name": "ALi source",
      "value": "http://mirrors.aliyun.com/"
    },
    "HuaWei": {
      "name": "HuaWei source",
      "value": "https://mirrors.huaweicloud.com/"
    },
    "Tencent": {
      "name": "Tencent source",
      "value": "https://mirrors.tencent.com/"
    },
    "WangYi": {
      "name": "WangYi source",
      "value": "http://mirrors.163.com/"
    },
    "QingHua": {
      "name": "QingHua source",
      "value": "https://mirrors.tuna.tsinghua.edu.cn/"
    },
    "ZhongKeDa": {
      "name": "ZhongKeDa source",
      "value": "http://mirrors.ustc.edu.cn/"
    }
  },
  "last": "http://mirrors.aliyun.com/"
}