[
    {
        "username": "",
        "ps": "Most popular blogger",
        "password": "",
        "run": "/",
        "name": "wordpress",
        "title": "Wordpress",
        "config": "",
        "chmod": "",
        "ext": "pathinfo",
        "version": "5.4",
        "install": "",
        "download": "{Download}/wordpress-5.4.zip",
        "php": "52,53,54,55,56,70,71,72,73,74",
        "type": 4,
        "md5": "2ec978dcfb014a1c8503b03285fc8a5a"
    },
    {
        "username": "",
        "ps": "Drupal is powered by an open source community",
        "password": "",
        "run": "/",
        "name": "drupal",
        "title": "Drupal",
        "config": "",
        "chmod": "",
        "ext": "opcache",
        "version": "9.0.1",
        "install": "",
        "download": "{Download}/drupal.zip",
        "php": "54,55,56,70,71,72,73,74",
        "type": 1,
        "md5": "ffdebb4221b53f8ca45701024fd0ebe0"
    },
    {
        "username": "",
        "ps": "Joomla! is a free and open-source content management system (CMS) for publishing web content.",
        "password": "",
        "run": "/",
        "name": "joomla",
        "title": "Joomla",
        "config": "",
        "chmod": "",
        "ext": "",
        "version": "3.9.8",
        "install": "",
        "download": "{Download}/Joomla-3.9.8.zip",
        "php": "54,55,56,70,71,72,73",
        "type": 1,
        "md5": "22c32dc98251391596707ce20ae0f378"
    },
    {
        "username": "",
        "ps": "Elegant PHP development framework",
        "php": "56,70,71,72",
        "run": "/public",
        "name": "laravel",
        "title": "Laravel",
        "type": 6,
        "chmod": "",
        "ext": "pathinfo",
        "version": "5.4",
        "install": "",
        "download": "{Download}/laravel.zip",
        "password": "",
        "config": "",
        "md5": "988566e8982e835ffa6f7d9ad14b5330"
    },
    {
        "username": "",
        "ps": "Elegant PHP development framework",
        "php": "72,73,74",
        "run": "/public",
        "name": "laravel7.x",
        "title": "Laravel7.x",
        "type": 6,
        "chmod": "",
        "ext": "pathinfo",
        "version": "7",
        "install": "",
        "download": "{Download}/laravel7.zip",
        "password": "",
        "config": "",
        "md5": "5dca19f96c1a1b1ce26674341c085e87"
    },
    {
        "username": "",
        "ps": "Free and Open Source Webmail Software",
        "php": "56,70,71,72,73,74,80",
        "run": "",
        "name": "roundcube",
        "title": "Roundcube",
        "type": 6,
        "chmod": "",
        "ext": "pathinfo,exif",
        "version": "1.5.0",
        "install": "",
        "download": "{Download}/roundcubemail.zip",
        "password": "",
        "config": "/config/config.inc.php",
        "md5": "785660db6540692b5c0eb240b41816e9"
    },
    {
        "username": "",
        "ps": "Grav is a Fast, Simple, and Flexible file-based Web-platform",
        "php": "73,74,80,81",
        "run": "",
        "name": "grav",
        "title": "Grav",
        "type": 1,
        "chmod": "",
        "ext": "",
        "version": "1.7.34",
        "install": "",
        "download": "{Download}/grav-v1.7.34.zip",
        "password": "",
        "config": "",
        "md5": "43506e9924cfa1bcb2c534e4755c3d8d"
    },
    {
        "username": "",
        "ps": "Grav is a Fast, Simple, and Flexible file-based Web-platform",
        "php": "73,74,80,81",
        "run": "",
        "name": "grav-admin",
        "title": "Grav-admin",
        "type": 1,
        "chmod": "",
        "ext": "",
        "version": "1.7.34",
        "install": "",
        "download": "{Download}/grav-admin-v1.7.34.zip",
        "password": "",
        "config": "",
        "md5": "17e5670cc1a41d842a187d170682948d"
    }
]